{
  "ann_mlp": {
    "model": "ann_mlp",
    "best_params": {
      "clf__activation": "relu",
      "clf__alpha": 0.0001,
      "clf__batch_size": 128,
      "clf__hidden_layer_sizes": [
        256,
        128
      ],
      "clf__learning_rate_init": 0.001,
      "clf__solver": "adam"
    },
    "roc_auc": 0.803050964562992,
    "pr_auc": 0.7535467741026745,
    "f1": 0.6916376306620209,
    "accuracy": 0.7354260089686099,
    "brier": 0.18376491168447143,
    "confusion_matrix": [
      [
        587,
        169
      ],
      [
        185,
        397
      ]
    ]
  },
  "ann_calibrated": {
    "model": "ann_calibrated_isotonic",
    "roc_auc": 0.8150841378934163,
    "pr_auc": 0.7676505439442122,
    "f1": 0.6918819188191881,
    "accuracy": 0.750373692077728,
    "brier": 0.17372898232856895,
    "confusion_matrix": [
      [
        629,
        127
      ],
      [
        207,
        375
      ]
    ]
  }
}