{
  "ridge": {
    "best_params": {
      "clf__alpha": 21.54434690031882,
      "clf__class_weight": "balanced"
    },
    "roc_auc": 0.9135575192276224,
    "pr_auc": 0.8923502625382128,
    "f1": 0.7895622895622896,
    "accuracy": 0.8131539611360239,
    "brier": 0.16145957235942662,
    "confusion_matrix": [
      [
        619,
        137
      ],
      [
        113,
        469
      ]
    ]
  },
  "calibrated": {
    "model": "logreg_calibrated_isotonic",
    "roc_auc": 0.9195655830106002,
    "pr_auc": 0.8978662507818276,
    "f1": 0.80067283431455,
    "accuracy": 0.8228699551569507,
    "brier": 0.11333854737196579,
    "confusion_matrix": [
      [
        625,
        131
      ],
      [
        106,
        476
      ]
    ]
  }
}