{
  "xgb": 0.308294390265596,
  "lgbm": 0.126972201704749,
  "cat": 0.2590211885638582,
  "rf": 0.19894624698707397,
  "log": 0.10676597247772278
}