{
  "stack_hybrid_alpha_0.950": {
    "model": "stack_hybrid_alpha_0.950",
    "pr_auc": 0.8720648161614923,
    "roc_auc": 0.8854706449208166,
    "f1": 0.7628865979381443,
    "accuracy": 0.8109118086696562,
    "brier": 0.13374609320060443,
    "confusion_matrix": [
      [
        678,
        78
      ],
      [
        175,
        407
      ]
    ]
  }
}