{
  "lightgbm": {
    "model": "lightgbm",
    "best_params": {
      "clf__colsample_bytree": 0.6,
      "clf__learning_rate": 0.03,
      "clf__max_depth": -1,
      "clf__n_estimators": 400,
      "clf__num_leaves": 127,
      "clf__subsample": 0.7
    },
    "roc_auc": 0.8846638120693104,
    "pr_auc": 0.8729829621893715,
    "f1": 0.7637721755368814,
    "accuracy": 0.8109118086696562,
    "brier": 0.14113857076851133,
    "confusion_matrix": [
      [
        676,
        80
      ],
      [
        173,
        409
      ]
    ]
  },
  "lgb_calibrated": {
    "model": "lightgbm_calibrated_isotonic",
    "roc_auc": 0.8861558846524482,
    "pr_auc": 0.8725229009054427,
    "f1": 0.7507163323782235,
    "accuracy": 0.804932735426009,
    "brier": 0.13468272655608454,
    "confusion_matrix": [
      [
        684,
        72
      ],
      [
        189,
        393
      ]
    ]
  }
}