{
  "xgboost_isotonic_calibrated": {
    "model": "xgboost_isotonic_calibrated",
    "accuracy": 0.8146487294469357,
    "roc_auc": 0.8839797087219767,
    "pr_auc": 0.8681218990039918,
    "f1": 0.7664783427495292,
    "brier": 0.13462645563735542,
    "timestamp": "2025-10-19 23:33:38",
    "exp_dir": "experiments/xgboost_v1",
    "best_params": {
      "clf__colsample_bytree": 1.0,
      "clf__learning_rate": 0.02,
      "clf__max_depth": 7,
      "clf__n_estimators": 400,
      "clf__reg_lambda": 1.0,
      "clf__subsample": 0.7
    }
  }
}