{
  "stacking_oof_meta_logreg_isotonic": {
    "model": "stacking_oof_meta_logreg_isotonic",
    "roc_auc": 0.8843228967799416,
    "pr_auc": 0.8689739210991081,
    "f1": 0.7630057803468208,
    "accuracy": 0.8161434977578476,
    "brier": 0.13348460505643475,
    "confusion_matrix": [
      [
        696,
        60
      ],
      [
        186,
        396
      ]
    ]
  }
}