{
  "logreg": {
    "best_params": {
      "clf__C": 4.6415888336127775,
      "clf__class_weight": "balanced",
      "clf__solver": "lbfgs"
    },
    "roc_auc": 0.9193121693121693,
    "pr_auc": 0.8992655806091234,
    "f1": 0.812755519215045,
    "accuracy": 0.8288490284005979,
    "brier": 0.11445085151120236,
    "confusion_matrix": [
      [
        612,
        144
      ],
      [
        85,
        497
      ]
    ]
  }
}