{
  "stacking_oof_hybrib": {
    "model": "stacking_oof_hybrib",
    "roc_auc": 0.8842308496518119,
    "pr_auc": 0.868127062572904,
    "f1": 0.7635327635327636,
    "accuracy": 0.8139013452914798,
    "brier": 0.1341758083105811,
    "confusion_matrix": [
      [
        687,
        69
      ],
      [
        180,
        402
      ]
    ]
  }
}