{
  "xgboost": {
    "model": "xgboost",
    "best_params": {
      "clf__colsample_bytree": 1.0,
      "clf__learning_rate": 0.02,
      "clf__max_depth": 7,
      "clf__n_estimators": 400,
      "clf__reg_lambda": 1.0,
      "clf__subsample": 0.7
    },
    "roc_auc": 0.8852547319042164,
    "pr_auc": 0.8706466613451473,
    "f1": 0.7579737335834896,
    "accuracy": 0.8071748878923767,
    "brier": 0.13470845349380464,
    "confusion_matrix": [
      [
        676,
        80
      ],
      [
        178,
        404
      ]
    ]
  },
  "xgb_calibrated": {
    "model": "xgboost_calibrated_isotonic",
    "roc_auc": 0.8839797087219767,
    "pr_auc": 0.8681218990039918,
    "f1": 0.7664783427495292,
    "accuracy": 0.8146487294469357,
    "brier": 0.13462645563735542,
    "confusion_matrix": [
      [
        683,
        73
      ],
      [
        175,
        407
      ]
    ]
  }
}